document_id,standard_number,title,category,source_url,document_url,local_raw_path,local_cleaned_path,file_type,text_scanned_mixed,OCR_required,version,status,notes
DOC-STD-001,IS/IEC 62368: Part 1: 2023,"Audio/Video, Information and Communication Technology Equipment - Part 1 Safety Requirements",Laptop/Notebook/Tablets,https://www.bis.gov.in/product-certification/products-under-compulsory-certification/scheme-ii-registration-scheme/?lang=en,https://www.bis.gov.in/product-certification/products-under-compulsory-certification/scheme-ii-registration-scheme/?lang=en,,,html source page,text,False,Verified from BIS list,source_page_collected_full_standard_unavailable,The row is preserved from the verified seed dataset. A full Indian Standard PDF was not obtained from the official public BIS page; use BIS Standards portal/purchase/download access for full clauses.
DOC-STD-002,IS/IEC 62368: Part 1: 2023,"Audio/Video, Information and Communication Technology Equipment - Part 1 Safety Requirements",Mobile Phones,https://www.bis.gov.in/product-certification/products-under-compulsory-certification/scheme-ii-registration-scheme/?lang=en,https://www.bis.gov.in/product-certification/products-under-compulsory-certification/scheme-ii-registration-scheme/?lang=en,,,html source page,text,False,Verified from BIS list,source_page_collected_full_standard_unavailable,The row is preserved from the verified seed dataset. A full Indian Standard PDF was not obtained from the official public BIS page; use BIS Standards portal/purchase/download access for full clauses.
DOC-STD-003,IS 16333 (Part 3),Mobile Phone Handsets Part 3 Indian Language Support for Mobile Phone Handsets - Specific Requirements,Mobile Phones,https://www.bis.gov.in/product-certification/products-under-compulsory-certification/scheme-ii-registration-scheme/?lang=en,https://www.bis.gov.in/product-certification/products-under-compulsory-certification/scheme-ii-registration-scheme/?lang=en,,,html source page,text,False,Verified from BIS list,source_page_collected_full_standard_unavailable,The row is preserved from the verified seed dataset. A full Indian Standard PDF was not obtained from the official public BIS page; use BIS Standards portal/purchase/download access for full clauses.
DOC-STD-004,IS/IEC 62368: Part 1: 2023,"Audio/Video, Information and Communication Technology Equipment - Part 1 Safety Requirements",Smart Watches,https://www.bis.gov.in/product-certification/products-under-compulsory-certification/scheme-ii-registration-scheme/?lang=en,https://www.bis.gov.in/product-certification/products-under-compulsory-certification/scheme-ii-registration-scheme/?lang=en,,,html source page,text,False,Verified from BIS list,source_page_collected_full_standard_unavailable,The row is preserved from the verified seed dataset. A full Indian Standard PDF was not obtained from the official public BIS page; use BIS Standards portal/purchase/download access for full clauses.
DOC-STD-005,IS/IEC 62368: Part 1: 2023,"Audio/Video, Information and Communication Technology Equipment - Part 1 Safety Requirements",Power Banks for use in portable applications,https://www.bis.gov.in/product-certification/products-under-compulsory-certification/scheme-ii-registration-scheme/?lang=en,https://www.bis.gov.in/product-certification/products-under-compulsory-certification/scheme-ii-registration-scheme/?lang=en,,,html source page,text,False,Verified from BIS list,source_page_collected_full_standard_unavailable,The row is preserved from the verified seed dataset. A full Indian Standard PDF was not obtained from the official public BIS page; use BIS Standards portal/purchase/download access for full clauses.
DOC-STD-006,IS 16046,"Secondary Cells and Batteries containing Alkaline or other non-acid Electrolytes - Safety Requirements for Portable sealed secondary cells, and for Batteries made from them for use in portable applications",Sealed Secondary Cells/Batteries for portable applications,https://www.bis.gov.in/product-certification/products-under-compulsory-certification/scheme-ii-registration-scheme/?lang=en,https://www.bis.gov.in/product-certification/products-under-compulsory-certification/scheme-ii-registration-scheme/?lang=en,,,html source page,text,False,Verified from BIS list,source_page_collected_full_standard_unavailable,The row is preserved from the verified seed dataset. A full Indian Standard PDF was not obtained from the official public BIS page; use BIS Standards portal/purchase/download access for full clauses.
DOC-STD-007,IS 302-2-25,Safety of household and similar electrical appliances: Part 2 Particular requirements: Section 25 Microwave ovens,Microwave Ovens,https://www.bis.gov.in/product-certification/products-under-compulsory-certification/scheme-ii-registration-scheme/?lang=en,https://www.bis.gov.in/product-certification/products-under-compulsory-certification/scheme-ii-registration-scheme/?lang=en,,,html source page,text,False,Verified from BIS list,source_page_collected_full_standard_unavailable,The row is preserved from the verified seed dataset. A full Indian Standard PDF was not obtained from the official public BIS page; use BIS Standards portal/purchase/download access for full clauses.
DOC-STD-008,IS 302 (Part 2): Section 6: 2009,"Safety of household and similar electrical appliances: Part 2 Particular requirements, Section 6 Cooking ranges, hobs, ovens and similar appliances",Induction Stove,https://www.bis.gov.in/product-certification/products-under-compulsory-certification/scheme-ii-registration-scheme/?lang=en,https://www.bis.gov.in/product-certification/products-under-compulsory-certification/scheme-ii-registration-scheme/?lang=en,,,html source page,text,False,Verified from BIS list,source_page_collected_full_standard_unavailable,The row is preserved from the verified seed dataset. A full Indian Standard PDF was not obtained from the official public BIS page; use BIS Standards portal/purchase/download access for full clauses.
DOC-STD-009,IS 16242 (Part 1),General and Safety Requirements for UPS,UPS/Inverters of rating <= 5 kVA,https://www.bis.gov.in/product-certification/products-under-compulsory-certification/scheme-ii-registration-scheme/?lang=en,https://www.bis.gov.in/product-certification/products-under-compulsory-certification/scheme-ii-registration-scheme/?lang=en,,,html source page,text,False,Verified from BIS list,source_page_collected_full_standard_unavailable,The row is preserved from the verified seed dataset. A full Indian Standard PDF was not obtained from the official public BIS page; use BIS Standards portal/purchase/download access for full clauses.
DOC-STD-010,IS 15885 (Part 2/Sec 13),Safety of Lamp Control gear Part 2 Particular Requirements Section 13 d.c. or a.c. Supplied Electronic Control gear for LED Modules,DC or AC Supplied Electronic Control gear for LED Modules,https://www.bis.gov.in/product-certification/products-under-compulsory-certification/scheme-ii-registration-scheme/?lang=en,https://www.bis.gov.in/product-certification/products-under-compulsory-certification/scheme-ii-registration-scheme/?lang=en,,,html source page,text,False,Verified from BIS list,source_page_collected_full_standard_unavailable,The row is preserved from the verified seed dataset. A full Indian Standard PDF was not obtained from the official public BIS page; use BIS Standards portal/purchase/download access for full clauses.
DOC-STD-011,IS 16102 (Part 1),Self-Ballasted LED Lamps for General Lighting Services Part 1 Safety Requirements,Self-Ballasted LED Lamps for General Lighting Services,https://www.bis.gov.in/product-certification/products-under-compulsory-certification/scheme-ii-registration-scheme/?lang=en,https://www.bis.gov.in/product-certification/products-under-compulsory-certification/scheme-ii-registration-scheme/?lang=en,,,html source page,text,False,Verified from BIS list,source_page_collected_full_standard_unavailable,The row is preserved from the verified seed dataset. A full Indian Standard PDF was not obtained from the official public BIS page; use BIS Standards portal/purchase/download access for full clauses.
DOC-STD-012,IS 16103 (Part 1): 2012,LED modules for general lighting: Part 1 safety requirements,Standalone LED Modules for General Lighting,https://www.bis.gov.in/product-certification/products-under-compulsory-certification/scheme-ii-registration-scheme/?lang=en,https://www.bis.gov.in/product-certification/products-under-compulsory-certification/scheme-ii-registration-scheme/?lang=en,,,html source page,text,False,Verified from BIS list,source_page_collected_full_standard_unavailable,The row is preserved from the verified seed dataset. A full Indian Standard PDF was not obtained from the official public BIS page; use BIS Standards portal/purchase/download access for full clauses.
DOC-STD-013,IS 10322 (Part 5/Section 2): 2012,Luminaires Part 5: Particular Requirements Section 2 Recessed Luminaires,Recessed LED Luminaires,https://www.bis.gov.in/product-certification/products-under-compulsory-certification/scheme-ii-registration-scheme/?lang=en,https://www.bis.gov.in/product-certification/products-under-compulsory-certification/scheme-ii-registration-scheme/?lang=en,,,html source page,text,False,Verified from BIS list,source_page_collected_full_standard_unavailable,The row is preserved from the verified seed dataset. A full Indian Standard PDF was not obtained from the official public BIS page; use BIS Standards portal/purchase/download access for full clauses.
DOC-STD-014,IS 10322 (Part 5/Section 3): 2012,Luminaires - Part 5: Particular Requirements Section 3 Luminaires for Road and Street Lighting,LED Luminaires for Road and Street Lighting,https://www.bis.gov.in/product-certification/products-under-compulsory-certification/scheme-ii-registration-scheme/?lang=en,https://www.bis.gov.in/product-certification/products-under-compulsory-certification/scheme-ii-registration-scheme/?lang=en,,,html source page,text,False,Verified from BIS list,source_page_collected_full_standard_unavailable,The row is preserved from the verified seed dataset. A full Indian Standard PDF was not obtained from the official public BIS page; use BIS Standards portal/purchase/download access for full clauses.
DOC-STD-015,IS/IEC 62368: Part 1: 2023,"Audio/Video, Information and Communication Technology Equipment - Part 1 Safety Requirements",CCTV Cameras/CCTV Recorders,https://www.bis.gov.in/product-certification/products-under-compulsory-certification/scheme-ii-registration-scheme/?lang=en,https://www.bis.gov.in/product-certification/products-under-compulsory-certification/scheme-ii-registration-scheme/?lang=en,,,html source page,text,False,Verified from BIS list,source_page_collected_full_standard_unavailable,The row is preserved from the verified seed dataset. A full Indian Standard PDF was not obtained from the official public BIS page; use BIS Standards portal/purchase/download access for full clauses.
DOC-STD-016,IS/IEC 62368: Part 1: 2023,"Audio/Video, Information and Communication Technology Equipment - Part 1 Safety Requirements","Printers, Plotters",https://www.bis.gov.in/product-certification/products-under-compulsory-certification/scheme-ii-registration-scheme/?lang=en,https://www.bis.gov.in/product-certification/products-under-compulsory-certification/scheme-ii-registration-scheme/?lang=en,,,html source page,text,False,Verified from BIS list,source_page_collected_full_standard_unavailable,The row is preserved from the verified seed dataset. A full Indian Standard PDF was not obtained from the official public BIS page; use BIS Standards portal/purchase/download access for full clauses.
DOC-STD-017,IS/IEC 62368: Part 1: 2023,"Audio/Video, Information and Communication Technology Equipment - Part 1 Safety Requirements",Scanners,https://www.bis.gov.in/product-certification/products-under-compulsory-certification/scheme-ii-registration-scheme/?lang=en,https://www.bis.gov.in/product-certification/products-under-compulsory-certification/scheme-ii-registration-scheme/?lang=en,,,html source page,text,False,Verified from BIS list,source_page_collected_full_standard_unavailable,The row is preserved from the verified seed dataset. A full Indian Standard PDF was not obtained from the official public BIS page; use BIS Standards portal/purchase/download access for full clauses.
DOC-STD-018,IS/IEC 62368: Part 1: 2023,"Audio/Video, Information and Communication Technology Equipment - Part 1 Safety Requirements",Set Top Box,https://www.bis.gov.in/product-certification/products-under-compulsory-certification/scheme-ii-registration-scheme/?lang=en,https://www.bis.gov.in/product-certification/products-under-compulsory-certification/scheme-ii-registration-scheme/?lang=en,,,html source page,text,False,Verified from BIS list,source_page_collected_full_standard_unavailable,The row is preserved from the verified seed dataset. A full Indian Standard PDF was not obtained from the official public BIS page; use BIS Standards portal/purchase/download access for full clauses.
DOC-STD-019,IS/IEC 62368: Part 1: 2023,"Audio/Video, Information and Communication Technology Equipment - Part 1 Safety Requirements",Wireless Headphone and Earphone,https://www.bis.gov.in/product-certification/products-under-compulsory-certification/scheme-ii-registration-scheme/?lang=en,https://www.bis.gov.in/product-certification/products-under-compulsory-certification/scheme-ii-registration-scheme/?lang=en,,,html source page,text,False,Verified from BIS list,source_page_collected_full_standard_unavailable,The row is preserved from the verified seed dataset. A full Indian Standard PDF was not obtained from the official public BIS page; use BIS Standards portal/purchase/download access for full clauses.
DOC-STD-020,IS/IEC 62368: Part 1: 2023,"Audio/Video, Information and Communication Technology Equipment - Part 1 Safety Requirements",USB Type External Solid-State Storage Devices above 256 GB capacity,https://www.bis.gov.in/product-certification/products-under-compulsory-certification/scheme-ii-registration-scheme/?lang=en,https://www.bis.gov.in/product-certification/products-under-compulsory-certification/scheme-ii-registration-scheme/?lang=en,,,html source page,text,False,Verified from BIS list,source_page_collected_full_standard_unavailable,The row is preserved from the verified seed dataset. A full Indian Standard PDF was not obtained from the official public BIS page; use BIS Standards portal/purchase/download access for full clauses.
DOC-STD-021,IS 269,Ordinary Portland Cement,Cement,https://www.bis.gov.in/product-certification/products-under-compulsory-certification/scheme-i-mark-scheme/?lang=en,https://www.bis.gov.in/product-certification/products-under-compulsory-certification/scheme-i-mark-scheme/?lang=en,,,html source page,text,False,Verified from BIS list,source_page_collected_full_standard_unavailable,The row is preserved from the verified seed dataset. A full Indian Standard PDF was not obtained from the official public BIS page; use BIS Standards portal/purchase/download access for full clauses.
DOC-STD-022,IS 455,Portland Slag Cement,Cement,https://www.bis.gov.in/product-certification/products-under-compulsory-certification/scheme-i-mark-scheme/?lang=en,https://www.bis.gov.in/product-certification/products-under-compulsory-certification/scheme-i-mark-scheme/?lang=en,,,html source page,text,False,Verified from BIS list,source_page_collected_full_standard_unavailable,The row is preserved from the verified seed dataset. A full Indian Standard PDF was not obtained from the official public BIS page; use BIS Standards portal/purchase/download access for full clauses.
DOC-STD-023,IS 15111 (Part 1 & 2),Self Ballasted Lamps for General Lighting Services - Part 1 Safety Requirements and Part 2 Performance Requirements,Household Electrical Goods,https://www.bis.gov.in/product-certification/products-under-compulsory-certification/scheme-i-mark-scheme/?lang=en,https://www.bis.gov.in/product-certification/products-under-compulsory-certification/scheme-i-mark-scheme/?lang=en,,,html source page,text,False,Verified from BIS list,source_page_collected_full_standard_unavailable,The row is preserved from the verified seed dataset. A full Indian Standard PDF was not obtained from the official public BIS page; use BIS Standards portal/purchase/download access for full clauses.
DOC-STD-024,IS 694,PVC insulated cables for working voltages up to and including 1100 V,Household Electrical Goods / Cables,https://www.bis.gov.in/product-certification/products-under-compulsory-certification/scheme-i-mark-scheme/?lang=en,https://www.bis.gov.in/product-certification/products-under-compulsory-certification/scheme-i-mark-scheme/?lang=en,,,html source page,text,False,Verified from BIS list,source_page_collected_full_standard_unavailable,The row is preserved from the verified seed dataset. A full Indian Standard PDF was not obtained from the official public BIS page; use BIS Standards portal/purchase/download access for full clauses.
DOC-STD-025,IS 2347:2017,Domestic Pressure Cooker,Domestic Pressure Cooker,https://www.bis.gov.in/product-certification/products-under-compulsory-certification/scheme-i-mark-scheme/?lang=en,https://www.bis.gov.in/product-certification/products-under-compulsory-certification/scheme-i-mark-scheme/?lang=en,,,html source page,text,False,Verified from BIS list,source_page_collected_full_standard_unavailable,The row is preserved from the verified seed dataset. A full Indian Standard PDF was not obtained from the official public BIS page; use BIS Standards portal/purchase/download access for full clauses.
DOC-STD-026,IS 4151:2015,Helmet for riders of Two Wheeler Motor Vehicles,Two-wheeler rider helmet,https://www.bis.gov.in/product-certification/products-under-compulsory-certification/scheme-i-mark-scheme/?lang=en,https://www.bis.gov.in/product-certification/products-under-compulsory-certification/scheme-i-mark-scheme/?lang=en,,,html source page,text,False,Verified from BIS list,source_page_collected_full_standard_unavailable,The row is preserved from the verified seed dataset. A full Indian Standard PDF was not obtained from the official public BIS page; use BIS Standards portal/purchase/download access for full clauses.
DOC-STD-027,IS 9873 (Part 1): 2018,Safety of Toys Part 1 Safety Aspects Related to Mechanical and Physical Properties,Non Electric Toys,https://www.bis.gov.in/product-certification/products-under-compulsory-certification/scheme-i-mark-scheme/?lang=en,https://www.bis.gov.in/product-certification/products-under-compulsory-certification/scheme-i-mark-scheme/?lang=en,,,html source page,text,False,Verified from BIS list,source_page_collected_full_standard_unavailable,The row is preserved from the verified seed dataset. A full Indian Standard PDF was not obtained from the official public BIS page; use BIS Standards portal/purchase/download access for full clauses.
DOC-STD-028,IS 15644:2006,Safety of Electric Toys,Electric Toys,https://www.bis.gov.in/product-certification/products-under-compulsory-certification/scheme-i-mark-scheme/?lang=en,https://www.bis.gov.in/product-certification/products-under-compulsory-certification/scheme-i-mark-scheme/?lang=en,,,html source page,text,False,Verified from BIS list,source_page_collected_full_standard_unavailable,The row is preserved from the verified seed dataset. A full Indian Standard PDF was not obtained from the official public BIS page; use BIS Standards portal/purchase/download access for full clauses.
DOC-STD-029,IS 15392,Aluminium and Aluminium Alloy Bare Foil for Food Packaging,Aluminium Foil for Food Packaging,https://www.bis.gov.in/product-certification/products-under-compulsory-certification/scheme-i-mark-scheme/?lang=en,https://www.bis.gov.in/product-certification/products-under-compulsory-certification/scheme-i-mark-scheme/?lang=en,,,html source page,text,False,Verified from BIS list,source_page_collected_full_standard_unavailable,The row is preserved from the verified seed dataset. A full Indian Standard PDF was not obtained from the official public BIS page; use BIS Standards portal/purchase/download access for full clauses.
DOC-STD-030,IS 14625,Plastic Feeding Bottles,Feeding Bottles,https://www.bis.gov.in/product-certification/products-under-compulsory-certification/scheme-i-mark-scheme/?lang=en,https://www.bis.gov.in/product-certification/products-under-compulsory-certification/scheme-i-mark-scheme/?lang=en,,,html source page,text,False,Verified from BIS list,source_page_collected_full_standard_unavailable,The row is preserved from the verified seed dataset. A full Indian Standard PDF was not obtained from the official public BIS page; use BIS Standards portal/purchase/download access for full clauses.
DOC-STD-031,IS 1417:2016,"Gold and Gold Alloys, Jewellery/Artefacts - Fineness and Marking - Specification",Gold Jewellery / Artefacts,https://www.bis.gov.in/hallmarking-overview/hallmarking-faqs/hallmarking-faq/?lang=en,https://www.bis.gov.in/hallmarking-overview/hallmarking-faqs/hallmarking-faq/?lang=en,,,html source page,text,False,Verified from BIS FAQ,source_page_collected_full_standard_unavailable,The row is preserved from the verified seed dataset. A full Indian Standard PDF was not obtained from the official public BIS page; use BIS Standards portal/purchase/download access for full clauses.
DOC-STD-032,IS 2112:2014,"Silver and Silver Alloys, Jewellery/Artefacts - Fineness and Marking - Specification",Silver Jewellery / Artefacts,https://www.bis.gov.in/hallmarking-overview/hallmarking-faqs/hallmarking-faq/?lang=en,https://www.bis.gov.in/hallmarking-overview/hallmarking-faqs/hallmarking-faq/?lang=en,,,html source page,text,False,Verified from BIS FAQ,source_page_collected_full_standard_unavailable,The row is preserved from the verified seed dataset. A full Indian Standard PDF was not obtained from the official public BIS page; use BIS Standards portal/purchase/download access for full clauses.
DOC-STD-033,IS 15820:2009,General Requirements for establishment and operation of Assaying and Hallmarking centres,Assaying and Hallmarking Centres,https://www.bis.gov.in/hallmarking-overview/hallmarking-faqs/hallmarking-faq/?lang=en,https://www.bis.gov.in/hallmarking-overview/hallmarking-faqs/hallmarking-faq/?lang=en,,,html source page,text,False,Verified from BIS FAQ,source_page_collected_full_standard_unavailable,The row is preserved from the verified seed dataset. A full Indian Standard PDF was not obtained from the official public BIS page; use BIS Standards portal/purchase/download access for full clauses.
DOC-SVC-001,,Product Certification - Scheme I (ISI Mark),Certification,https://www.bis.gov.in/product-certification/product-certification-process/?lang=en,https://www.bis.gov.in/product-certification/product-certification-process/?lang=en,,,html source page,text,False,Verified from BIS process page,source_page_collected,Service entry preserved from seed dataset and backed by official BIS source page.
DOC-SVC-002,,Product Certification - Scheme IV,Certificate of Conformity,https://www.bis.gov.in/product-certification/product-certification-process/?lang=en,https://www.bis.gov.in/product-certification/product-certification-process/?lang=en,,,html source page,text,False,Verified from BIS process page,source_page_collected,Service entry preserved from seed dataset and backed by official BIS source page.
DOC-SVC-003,,Compulsory Registration Scheme - Scheme II,Registration,https://www.bis.gov.in/product-certification/products-under-compulsory-certification/scheme-ii-registration-scheme/?lang=en,https://www.bis.gov.in/product-certification/products-under-compulsory-certification/scheme-ii-registration-scheme/?lang=en,,,html source page,text,False,Verified from BIS list,source_page_collected,Service entry preserved from seed dataset and backed by official BIS source page.
DOC-SVC-004,,Products under Compulsory Certification,Lookup,https://www.bis.gov.in/product-certification/products-under-compulsory-certification/?lang=en,https://www.bis.gov.in/product-certification/products-under-compulsory-certification/?lang=en,,,html source page,text,False,Verified from BIS overview page,source_page_collected,Service entry preserved from seed dataset and backed by official BIS source page.
DOC-SVC-005,,BIS Care App,Consumer verification,https://www.bis.gov.in/bis-apps/?lang=en,https://www.bis.gov.in/bis-apps/?lang=en,,,html source page,text,False,Verified from BIS app page,source_page_collected,Service entry preserved from seed dataset and backed by official BIS source page.
DOC-SVC-006,,Hallmarking Scheme,Hallmarking,https://www.bis.gov.in/hallmarking-overview/hallmarking-faqs/hallmarking-faq/?lang=en,https://www.bis.gov.in/hallmarking-overview/hallmarking-faqs/hallmarking-faq/?lang=en,,,html source page,text,False,Verified from BIS FAQ,source_page_collected,Service entry preserved from seed dataset and backed by official BIS source page.
DOC-SVC-007,,Foreign Manufacturers Certification Scheme,Foreign manufacturer certification,https://www.bis.gov.in/fmcs/fmcs-overview/?lang=en,https://www.bis.gov.in/fmcs/fmcs-overview/?lang=en,,,html source page,text,False,Verified from BIS FMCS page,source_page_collected,Service entry preserved from seed dataset and backed by official BIS source page.
DOC-SVC-008,,FMCS Online Application through Manakonline,Application process,https://www.bis.gov.in/fmcs/certification-process/how-to-apply/?lang=en,https://www.bis.gov.in/fmcs/certification-process/how-to-apply/?lang=en,,,html source page,text,False,Verified from BIS page,source_page_collected,Service entry preserved from seed dataset and backed by official BIS source page.
DOC-SVC-009,,Manufacturer BIS Licence Requirements,Eligibility / requirements,https://www.bis.gov.in/product-certification/product-certification-faq/?lang=en,https://www.bis.gov.in/product-certification/product-certification-faq/?lang=en,,,html source page,text,False,Verified from BIS FAQ,source_page_collected,Service entry preserved from seed dataset and backed by official BIS source page.
DOC-SVC-010,,Find Indian Standard by Product,Lookup,https://www.bis.gov.in/product-certification/product-certification-faq/?lang=en,https://www.bis.gov.in/product-certification/product-certification-faq/?lang=en,,,html source page,text,False,Verified from BIS FAQ,source_page_collected,Service entry preserved from seed dataset and backed by official BIS source page.
SRC-001,,BIS Care App,Official BIS source page,https://www.bis.gov.in/bis-apps/?lang=en,https://www.bis.gov.in/bis-apps/?lang=en,raw_documents\SRC-001_bis_apps.html,cleaned_documents\SRC-001_bis_apps.txt,html,text,False,Captured 2026-08-28,collected_and_cleaned,Fetched official page; extracted 16062 cleaned characters.
SRC-002,,Foreign Manufacturers Certification Scheme,Official BIS source page,https://www.bis.gov.in/fmcs/certification-process/how-to-apply/?lang=en,https://www.bis.gov.in/fmcs/certification-process/how-to-apply/?lang=en,raw_documents\SRC-002_fmcs_certification_process_how_to_apply.html,cleaned_documents\SRC-002_fmcs_certification_process_how_to_apply.txt,html,text,False,Captured 2026-08-28,collected_and_cleaned,Fetched official page; extracted 15702 cleaned characters.
SRC-003,,Foreign Manufacturers Certification Scheme,Official BIS source page,https://www.bis.gov.in/fmcs/fmcs-overview/?lang=en,https://www.bis.gov.in/fmcs/fmcs-overview/?lang=en,raw_documents\SRC-003_fmcs_fmcs_overview.html,cleaned_documents\SRC-003_fmcs_fmcs_overview.txt,html,text,False,Captured 2026-08-28,collected_and_cleaned,Fetched official page; extracted 15586 cleaned characters.
SRC-004,,Hallmarking,Official BIS source page,https://www.bis.gov.in/hallmarking-overview/hallmarking-faqs/hallmarking-faq/?lang=en,https://www.bis.gov.in/hallmarking-overview/hallmarking-faqs/hallmarking-faq/?lang=en,raw_documents\SRC-004_hallmarking_overview_hallmarking_faqs_hallmarking_faq.html,cleaned_documents\SRC-004_hallmarking_overview_hallmarking_faqs_hallmarking_faq.txt,html,text,False,Captured 2026-08-28,collected_and_cleaned,Fetched official page; extracted 23646 cleaned characters.
SRC-005,,Product Certification FAQ,Official BIS source page,https://www.bis.gov.in/product-certification/product-certification-faq/?lang=en,https://www.bis.gov.in/product-certification/product-certification-faq/?lang=en,raw_documents\SRC-005_product_certification_product_certification_faq.html,cleaned_documents\SRC-005_product_certification_product_certification_faq.txt,html,text,False,Captured 2026-08-28,collected_and_cleaned,Fetched official page; extracted 27514 cleaned characters.
SRC-006,,Product Certification Process,Official BIS source page,https://www.bis.gov.in/product-certification/product-certification-process/?lang=en,https://www.bis.gov.in/product-certification/product-certification-process/?lang=en,raw_documents\SRC-006_product_certification_product_certification_process.html,cleaned_documents\SRC-006_product_certification_product_certification_process.txt,html,text,False,Captured 2026-08-28,collected_and_cleaned,Fetched official page; extracted 15615 cleaned characters.
SRC-007,,Products under Compulsory Certification,Official BIS source page,https://www.bis.gov.in/product-certification/products-under-compulsory-certification/?lang=en,https://www.bis.gov.in/product-certification/products-under-compulsory-certification/?lang=en,raw_documents\SRC-007_product_certification_products_under_compulsory_certification.html,cleaned_documents\SRC-007_product_certification_products_under_compulsory_certification.txt,html,text,False,Captured 2026-08-28,collected_and_cleaned,Fetched official page; extracted 15353 cleaned characters.
SRC-008,,Scheme I (ISI Mark Scheme),Official BIS source page,https://www.bis.gov.in/product-certification/products-under-compulsory-certification/scheme-i-mark-scheme/?lang=en,https://www.bis.gov.in/product-certification/products-under-compulsory-certification/scheme-i-mark-scheme/?lang=en,,,html,unknown,unknown,Attempted 2026-08-28,unavailable_fetch_failed,Fetch failed: The read operation timed out
SRC-009,,Scheme II (Registration Scheme),Official BIS source page,https://www.bis.gov.in/product-certification/products-under-compulsory-certification/scheme-ii-registration-scheme/?lang=en,https://www.bis.gov.in/product-certification/products-under-compulsory-certification/scheme-ii-registration-scheme/?lang=en,raw_documents\SRC-009_product_certification_products_under_compulsory_certification_scheme_i.html,cleaned_documents\SRC-009_product_certification_products_under_compulsory_certification_scheme_i.txt,html,text,False,Captured 2026-08-28,collected_and_cleaned,Fetched official page; extracted 33066 cleaned characters.
PDF-001,,EC Members,Linked official notification/supporting document,https://www.bis.gov.in/bis-apps/?lang=en,https://www.bis.gov.in/wp-content/uploads/2026/08/ECGazetteNotification.pdf,raw_documents\PDF-001_ec_members.pdf,cleaned_documents\PDF-001_ec_members.txt,pdf,text,False,Captured 2026-08-28,collected_and_text_extracted,SHA256 b91a261057481019e234958bffa0d925b6e31103f3f4a7f06ee70e73c381ac64; pages=4; source page SRC-001.
PDF-002,,Support to other laboratories,Linked official notification/supporting document,https://www.bis.gov.in/bis-apps/?lang=en,https://www.bis.gov.in/wp-content/uploads/2024/12/Revised-Guidelines-for-support-to-other-laboratories-dated-2024-12-17.pdf,raw_documents\PDF-002_support_to_other_laboratories.pdf,cleaned_documents\PDF-002_support_to_other_laboratories.txt,pdf,scanned,True,Captured 2026-08-28,collected_and_text_extracted,SHA256 950df16480be473959be6dcbe4d04abbd33ee7ce87cfe19e9da9f6676d113de4; pages=2; source page SRC-001.
PDF-003,,Lab Recognition Scheme 2020,Linked official notification/supporting document,https://www.bis.gov.in/bis-apps/?lang=en,https://www.bis.gov.in/wp-content/uploads/2020/06/LRS_23062020.pdf,raw_documents\PDF-003_lab_recognition_scheme_2020.pdf,cleaned_documents\PDF-003_lab_recognition_scheme_2020.txt,pdf,unknown,unknown,Captured 2026-08-28,collected_extraction_failed,SHA256 38e3e2665d60ae1ba264b91c4ff3d1d7067cf2f53f10b6bb404c23130ac24e04; pages=None; source page SRC-001.
PDF-004,,Lab Recognition Scheme Amendment 2020,Linked official notification/supporting document,https://www.bis.gov.in/bis-apps/?lang=en,https://www.bis.gov.in/wp-content/uploads/2020/10/amendment.pdf,raw_documents\PDF-004_lab_recognition_scheme_amendment_2020.pdf,cleaned_documents\PDF-004_lab_recognition_scheme_amendment_2020.txt,pdf,text,False,Captured 2026-08-28,collected_and_text_extracted,SHA256 a34918dbd8de7d3aa2000b9acfa200b57c969290e081eae8993e033c029f83c3; pages=1; source page SRC-001.
PDF-005,,Lab Recognition Scheme Amendment 2022,Linked official notification/supporting document,https://www.bis.gov.in/bis-apps/?lang=en,https://www.bis.gov.in/wp-content/uploads/2022/07/LRS-Fee-Annex-A-and-B.pdf,raw_documents\PDF-005_lab_recognition_scheme_amendment_2022.pdf,cleaned_documents\PDF-005_lab_recognition_scheme_amendment_2022.txt,pdf,text,False,Captured 2026-08-28,collected_and_text_extracted,SHA256 22f87095fc2aa38dab33a818f6516d87075c776d036460cddb2228b6574087eb; pages=2; source page SRC-001.
PDF-006,,Fee Structure of BIS LRS(Amendment-3),Linked official notification/supporting document,https://www.bis.gov.in/bis-apps/?lang=en,https://www.bis.gov.in/wp-content/uploads/2024/05/Amendment-III.pdf,raw_documents\PDF-006_fee_structure_of_bis_lrs_amendment_3.pdf,cleaned_documents\PDF-006_fee_structure_of_bis_lrs_amendment_3.txt,pdf,text,False,Captured 2026-08-28,collected_and_text_extracted,SHA256 661ea7e7280d7f02042604796a1947a17fe390d04bdce1524f2ffd29bfaf6b5b; pages=3; source page SRC-001.
PDF-007,,(Amendment-4),Linked official notification/supporting document,https://www.bis.gov.in/bis-apps/?lang=en,https://www.bis.gov.in/wp-content/uploads/2024/05/AMENDMENT%20IV.pdf,raw_documents\PDF-007_amendment_4.pdf,cleaned_documents\PDF-007_amendment_4.txt,pdf,text,False,Captured 2026-08-28,collected_and_text_extracted,SHA256 6c93bb2822a32ee4b32eba446d73eef788954f55c02126d2b74f578bc6795974; pages=1; source page SRC-001.
PDF-008,,Brief on Hallmarking,Linked official notification/supporting document,https://www.bis.gov.in/bis-apps/?lang=en,https://www.bis.gov.in/wp-content/uploads/2020/12/brief-on-Hallmarking.pdf,raw_documents\PDF-008_brief_on_hallmarking.pdf,cleaned_documents\PDF-008_brief_on_hallmarking.txt,pdf,text,False,Captured 2026-08-28,collected_and_text_extracted,SHA256 ec8c0256ed243f251307b8ee74ab01cc9463a87434fbeadc0d6ffefe813d79d7; pages=3; source page SRC-001.
PDF-009,,Regulation,Linked official notification/supporting document,https://www.bis.gov.in/bis-apps/?lang=en,https://www.bis.gov.in/bs/BIS_Hallmarking_Regulations_2018_Gazette_notification.pdf,raw_documents\PDF-009_regulation.pdf,cleaned_documents\PDF-009_regulation.txt,pdf,text,False,Captured 2026-08-28,collected_and_text_extracted,SHA256 afad1553b755ee193d8c2a767ab20afbe5675019469ab330f74f284a8cfd9314; pages=60; source page SRC-001.
PDF-010,,Notification,Linked official notification/supporting document,https://www.bis.gov.in/bis-apps/?lang=en,https://www.bis.gov.in/bs/DoCA_BIS_Hallmarking_Regulations_2018_Gazette_notification.pdf,raw_documents\PDF-010_notification.pdf,cleaned_documents\PDF-010_notification.txt,pdf,text,False,Captured 2026-08-28,collected_and_text_extracted,SHA256 e19d9de75fea8f00e26f04ad0497efd4bb28c2e084c76015c28b29fda5477918; pages=2; source page SRC-001.
PDF-011,,Amendment,Linked official notification/supporting document,https://www.bis.gov.in/bis-apps/?lang=en,https://www.bis.gov.in/wp-content/uploads/2021/11/BIS_HM_Amdt_Regulations_2021_Gazette.pdf,raw_documents\PDF-011_amendment.pdf,cleaned_documents\PDF-011_amendment.txt,pdf,text,False,Captured 2026-08-28,collected_and_text_extracted,SHA256 be84b0fcc56ecda1f74310daa4f355a10857980536a9bc9f86bd37f160926a98; pages=4; source page SRC-001.
PDF-012,,Order,Linked official notification/supporting document,https://www.bis.gov.in/bis-apps/?lang=en,https://www.bis.gov.in/wp-content/uploads/2020/01/Mandatory-Hallmarking-Order-15.01.2020.pdf,raw_documents\PDF-012_order.pdf,cleaned_documents\PDF-012_order.txt,pdf,text,False,Captured 2026-08-28,collected_and_text_extracted,SHA256 1f38c9758aa65ce6a0c6ce1f98e8388bb1883ad4c3d65c11efbdd9b4189cc016; pages=4; source page SRC-001.
PDF-013,,Amendment dt 9 th October 2020,Linked official notification/supporting document,https://www.bis.gov.in/bis-apps/?lang=en,https://www.bis.gov.in/wp-content/uploads/2020/10/Hallmarking-of-Gold-Jewellery-and-Gold-Artefacts-Amendment-Order-2020.pdf,raw_documents\PDF-013_amendment_dt_9_th_october_2020.pdf,cleaned_documents\PDF-013_amendment_dt_9_th_october_2020.txt,pdf,text,False,Captured 2026-08-28,collected_and_text_extracted,SHA256 6f1391c75ae9ef25ebff9b78f2bed119a78d7ba6fafeb48a6585ba81a7e06101; pages=2; source page SRC-001.
PDF-014,,QCO dt 23 rd June 2021,Linked official notification/supporting document,https://www.bis.gov.in/bis-apps/?lang=en,https://www.bis.gov.in/wp-content/uploads/2021/06/qc-order-June-2021-2.pdf,raw_documents\PDF-014_qco_dt_23_rd_june_2021.pdf,cleaned_documents\PDF-014_qco_dt_23_rd_june_2021.txt,pdf,text,False,Captured 2026-08-28,collected_and_text_extracted,SHA256 c1a5c930037f185e76b0e68d134ec941541778633a2a6787b723139282701f96; pages=18; source page SRC-001.
PDF-015,,Exemptions in QCO(Guidelines),Linked official notification/supporting document,https://www.bis.gov.in/bis-apps/?lang=en,https://www.bis.gov.in/wp-content/uploads/2022/01/QCO_HMD.pdf,raw_documents\PDF-015_exemptions_in_qco_guidelines.pdf,cleaned_documents\PDF-015_exemptions_in_qco_guidelines.txt,pdf,text,False,Captured 2026-08-28,collected_and_text_extracted,SHA256 1ed50f8f5eb46e9789cc1e8e2ae3e536b27c599e4eadd60a6b0c033e6d33eb65; pages=5; source page SRC-001.
PDF-016,,Amendment dt 04 April 2022,Linked official notification/supporting document,https://www.bis.gov.in/bis-apps/?lang=en,https://www.bis.gov.in/wp-content/uploads/2022/04/Hallmarking-of-Gold-Jewellery-and-Gold-Artefacts-Amendment-Order-2022.pdf,raw_documents\PDF-016_amendment_dt_04_april_2022.pdf,cleaned_documents\PDF-016_amendment_dt_04_april_2022.txt,pdf,text,False,Captured 2026-08-28,collected_and_text_extracted,SHA256 2cc19589f33aa8b9c85af459ad3149500962815c415cbaa0e661f12cba58ac26; pages=17; source page SRC-001.
PDF-017,,Amendment 03 March 2023,Linked official notification/supporting document,https://www.bis.gov.in/bis-apps/?lang=en,https://www.bis.gov.in/wp-content/uploads/2023/03/GAZETTE.pdf,raw_documents\PDF-017_amendment_03_march_2023.pdf,cleaned_documents\PDF-017_amendment_03_march_2023.txt,pdf,text,False,Captured 2026-08-28,collected_and_text_extracted,SHA256 61f403f7a1d920945aaafbc31aae026945812b039e55123cfd25bbe01cd2dbf4; pages=2; source page SRC-001.
PDF-018,,Amendment 31 March 2023,Linked official notification/supporting document,https://www.bis.gov.in/bis-apps/?lang=en,https://www.bis.gov.in/wp-content/uploads/2023/04/Hallmarking-notification-dt-31.3.2023.pdf,raw_documents\PDF-018_amendment_31_march_2023.pdf,cleaned_documents\PDF-018_amendment_31_march_2023.txt,pdf,text,False,Captured 2026-08-28,collected_and_text_extracted,SHA256 f5894d488eb31ea1e831a3639f3fcd67a8d51695387507f815b3d4697df7d851; pages=2; source page SRC-001.
PDF-019,,Amendment 06 September 2023,Linked official notification/supporting document,https://www.bis.gov.in/bis-apps/?lang=en,https://www.bis.gov.in/wp-content/uploads/2023/09/Hallmarking-Third-Amendment-Order-06092023.pdf,raw_documents\PDF-019_amendment_06_september_2023.pdf,cleaned_documents\PDF-019_amendment_06_september_2023.txt,pdf,text,False,Captured 2026-08-28,collected_and_text_extracted,SHA256 b2e964e355fdf6317f8dcc658354d7d7717f34e1ecc14940cd243819055475b1; pages=17; source page SRC-001.
PDF-020,,Amendment 05 November 2024,Linked official notification/supporting document,https://www.bis.gov.in/bis-apps/?lang=en,https://www.bis.gov.in/wp-content/uploads/2024/11/Amendment-05-Nov-2024-1.pdf,raw_documents\PDF-020_amendment_05_november_2024.pdf,cleaned_documents\PDF-020_amendment_05_november_2024.txt,pdf,text,False,Captured 2026-08-28,collected_and_text_extracted,SHA256 c2c1d1b435dcc5e57bb609499e4dbdcdd2c22b3e3f0c30bb370b92099543c8ec; pages=20; source page SRC-001.
